"","interval","temp","kWh"
"1",2012-10-22 07:30:00,14,0.185
"2",2012-10-22 08:00:00,14,0.179
"3",2012-10-22 08:30:00,14,0.176
"4",2012-10-22 09:00:00,14,0.153
"5",2012-10-22 09:30:00,14,0.175
"6",2012-10-22 10:00:00,14,0.193
"7",2012-10-22 10:30:00,14,0.598
"8",2012-10-22 11:00:00,14,0.191
"9",2012-10-22 11:30:00,14,0.243
"10",2012-10-22 12:00:00,14,0.148
"11",2012-10-22 13:00:00,14,0.293
"12",2012-10-22 13:30:00,14,0.214
"13",2012-10-22 14:00:00,14,0.409
"14",2012-10-22 14:30:00,14,0.615
"15",2012-10-22 15:00:00,14,0.575
"16",2012-10-22 15:30:00,14,0.362
"17",2012-10-22 16:00:00,14,0.149
"18",2012-10-22 16:30:00,13,0.185
"19",2012-10-22 17:00:00,14,0.185
"20",2012-10-22 17:30:00,14,0.209
"21",2012-10-22 18:00:00,14,0.346
"22",2012-10-22 18:30:00,14,0.482
"23",2012-10-22 19:00:00,14,0.718
"24",2012-10-22 19:30:00,14,0.313
"25",2012-10-22 20:00:00,14,0.476
"26",2012-10-22 20:30:00,14,0.557
"27",2012-10-22 21:00:00,14,0.321
"28",2012-10-22 21:30:00,14,0.388
"29",2012-10-22 22:00:00,14,0.976
"30",2012-10-22 22:30:00,13,0.412
"31",2012-10-22 23:00:00,13,0.587
"32",2012-10-22 23:30:00,13,0.076
"33",2012-10-23 07:00:00,12,0.22
"34",2012-10-23 07:30:00,12,0.17
"35",2012-10-23 08:00:00,12,0.191
"36",2012-10-23 08:30:00,12,0.149
"37",2012-10-23 09:00:00,12,0.169
"38",2012-10-23 09:30:00,12,0.164
"39",2012-10-23 10:00:00,13,0.17
"40",2012-10-23 10:30:00,13,0.15
"41",2012-10-23 11:30:00,13,0.144
"42",2012-10-23 12:00:00,13,0.163
"43",2012-10-23 12:30:00,13,0.158
"44",2012-10-23 13:00:00,13,0.259
"45",2012-10-23 13:30:00,13,0.249
"46",2012-10-23 14:00:00,13,0.661
"47",2012-10-23 14:30:00,13,0.302
"48",2012-10-23 15:00:00,13,0.163
"49",2012-10-23 15:30:00,14,0.177
"50",2012-10-23 16:00:00,14,0.145
"51",2012-10-23 16:30:00,14,0.152
"52",2012-10-23 17:00:00,14,0.294
"53",2012-10-23 17:30:00,14,0.619
"54",2012-10-23 18:00:00,14,0.205
"55",2012-10-23 18:30:00,14,0.443
"56",2012-10-23 19:00:00,14,0.707
"57",2012-10-23 19:30:00,14,0.54
"58",2012-10-23 20:00:00,14,0.484
"59",2012-10-23 20:30:00,14,0.655
"60",2012-10-23 21:00:00,14,0.389
"61",2012-10-23 21:30:00,14,0.295
"62",2012-10-23 22:00:00,14,0.235
"63",2012-10-23 22:30:00,14,0.795
"64",2012-10-23 23:00:00,14,0.163
"65",2012-10-23 23:30:00,14,0.753
"66",2012-11-14 07:00:00,10,0.103
"67",2012-11-14 07:30:00,10,0.317
"68",2012-11-14 08:00:00,9,0.416
"69",2012-11-14 08:30:00,9,0.268
"70",2012-11-14 09:00:00,9,0.375
"71",2012-11-14 09:30:00,9,0.208
"72",2012-11-14 10:00:00,9,0.236
"73",2012-11-14 10:30:00,10,0.27
"74",2012-11-14 11:00:00,10,0.175
"75",2012-11-14 11:30:00,10,0.125
"76",2012-11-14 12:00:00,11,0.111
"77",2012-11-14 12:30:00,11,0.077
"78",2012-11-14 13:00:00,12,0.227
"79",2012-11-14 13:30:00,11,0.071
"80",2012-11-14 14:00:00,11,0.073
"81",2012-11-14 14:30:00,11,0.144
"82",2012-11-14 15:00:00,11,0.153
"83",2012-11-14 15:30:00,10,0.147
"84",2012-11-14 16:00:00,9,0.143
"85",2012-11-14 16:30:00,8,0.141
"86",2012-11-14 17:00:00,8,0.242
"87",2012-11-14 17:30:00,8,0.332
"88",2012-11-14 18:00:00,7,0.302
"89",2012-11-14 18:30:00,8,0.416
"90",2012-11-14 19:00:00,7,0.43
"91",2012-11-14 19:30:00,6,0.668
"92",2012-11-14 20:00:00,6,0.41
"93",2012-11-14 20:30:00,6,0.48
"94",2012-11-14 21:00:00,7,0.553
"95",2012-11-14 21:30:00,7,0.436
"96",2012-11-14 22:00:00,7,0.173
"97",2012-11-14 22:30:00,6,0.609
"98",2012-11-14 23:00:00,7,0.247
"99",2012-11-14 23:30:00,7,0.636
"100",2012-11-23 07:00:00,7,0.26
"101",2012-11-23 07:30:00,7,0.382
"102",2012-11-23 08:00:00,7,0.186
"103",2012-11-23 08:30:00,7,0.177
"104",2012-11-23 09:00:00,7,0.177
"105",2012-11-23 09:30:00,7,0.157
"106",2012-11-23 10:00:00,7,0.219
"107",2012-11-23 10:30:00,8,0.13
"108",2012-11-23 11:00:00,9,0.136
"109",2012-11-23 11:30:00,9,0.113
"110",2012-11-23 12:00:00,9,0.16
"111",2012-11-23 12:30:00,9,0.092
"112",2012-11-23 13:00:00,9,0.119
"113",2012-11-23 13:30:00,9,0.097
"114",2012-11-23 14:00:00,10,0.1
"115",2012-11-23 14:30:00,11,0.116
"116",2012-11-23 15:00:00,10,0.106
"117",2012-11-23 15:30:00,10,0.122
"118",2012-11-23 16:00:00,9,0.115
"119",2012-11-23 16:30:00,8,0.186
"120",2012-11-23 17:00:00,8,0.361
"121",2012-11-23 17:30:00,8,0.194
"122",2012-11-23 18:00:00,8,0.218
"123",2012-11-23 18:30:00,8,0.203
"124",2012-11-23 19:00:00,7,0.249
"125",2012-11-23 19:30:00,6,0.495
"126",2012-11-23 20:00:00,5,0.343
"127",2012-11-23 20:30:00,4,0.222
"128",2012-11-23 21:00:00,4,0.19
"129",2012-11-23 21:30:00,3,0.27
"130",2012-11-23 22:00:00,3,0.253
"131",2012-11-23 22:30:00,3,0.335
"132",2012-11-23 23:00:00,3,0.412
"133",2012-11-23 23:30:00,3,0.723
"134",2012-12-01 07:00:00,-2,0.093
"135",2012-12-01 07:30:00,-1,0.175
"136",2012-12-01 08:00:00,0,0.394
"137",2012-12-01 08:30:00,1,0.456
"138",2012-12-01 09:00:00,0,0.227
"139",2012-12-01 09:30:00,1,0.356
"140",2012-12-01 10:00:00,1,0.191
"141",2012-12-01 10:30:00,2,0.214
"142",2012-12-01 11:00:00,2,0.2
"143",2012-12-01 11:30:00,4,0.174
"144",2012-12-01 12:00:00,4,0.165
"145",2012-12-01 12:30:00,4,0.149
"146",2012-12-01 13:00:00,4,0.089
"147",2012-12-01 13:30:00,5,0.077
"148",2012-12-01 14:00:00,5,0.076
"149",2012-12-01 14:30:00,5,0.076
"150",2012-12-01 15:00:00,4,0.075
"151",2012-12-01 15:30:00,5,0.074
"152",2012-12-01 16:00:00,4,0.177
"153",2012-12-01 16:30:00,4,0.16
"154",2012-12-01 17:00:00,4,0.221
"155",2012-12-01 17:30:00,3,0.242
"156",2012-12-01 18:00:00,3,0.411
"157",2012-12-01 18:30:00,3,0.539
"158",2012-12-01 19:00:00,3,0.494
"159",2012-12-01 19:30:00,2,0.351
"160",2012-12-01 20:00:00,2,0.334
"161",2012-12-01 20:30:00,2,0.564
"162",2012-12-01 21:00:00,2,0.553
"163",2012-12-01 21:30:00,2,0.464
"164",2012-12-01 22:00:00,2,0.349
"165",2012-12-01 22:30:00,2,0.486
"166",2012-12-01 23:00:00,1,0.861
"167",2012-12-01 23:30:00,1,0.739
"168",2012-12-20 07:00:00,6,0.129
"169",2012-12-20 07:30:00,6,0.128
"170",2012-12-20 08:00:00,7,0.125
"171",2012-12-20 09:00:00,6,0.245
"172",2012-12-20 09:30:00,7,0.392
"173",2012-12-20 10:00:00,7,0.19
"174",2012-12-20 10:30:00,7,0.205
"175",2012-12-20 11:00:00,8,0.306
"176",2012-12-20 11:30:00,8,0.315
"177",2012-12-20 12:00:00,8,0.259
"178",2012-12-20 12:30:00,8,0.194
"179",2012-12-20 13:00:00,8,0.133
"180",2012-12-20 14:00:00,8,0.099
"181",2012-12-20 14:30:00,8,0.1
"182",2012-12-20 15:00:00,8,0.1
"183",2012-12-20 15:30:00,7,0.099
"184",2012-12-20 16:00:00,8,0.155
"185",2012-12-20 16:30:00,8,0.267
"186",2012-12-20 17:00:00,8,0.388
"187",2012-12-20 17:30:00,7,0.256
"188",2012-12-20 18:00:00,8,0.398
"189",2012-12-20 18:30:00,8,0.45
"190",2012-12-20 19:00:00,8,0.279
"191",2012-12-20 19:30:00,9,0.334
"192",2012-12-20 20:00:00,10,0.328
"193",2012-12-20 20:30:00,10,0.222
"194",2012-12-20 21:00:00,9,0.243
"195",2012-12-20 21:30:00,9,0.235
"196",2012-12-20 22:00:00,9,0.252
"197",2012-12-20 22:30:00,8,0.237
"198",2012-12-20 23:00:00,8,0.572
"199",2013-01-10 07:00:00,1,0.13
"200",2013-01-10 07:30:00,1,0.129
"201",2013-01-10 08:00:00,1,0.126
"202",2013-01-10 08:30:00,0,0.341
"203",2013-01-10 09:00:00,1,0.259
"204",2013-01-10 09:30:00,1,0.229
"205",2013-01-10 10:00:00,1,0.139
"206",2013-01-10 10:30:00,0,0.181
"207",2013-01-10 11:00:00,0,0.139
"208",2013-01-10 11:30:00,1,0.118
"209",2013-01-10 12:00:00,1,0.085
"210",2013-01-10 12:30:00,1,0.113
"211",2013-01-10 13:00:00,1,0.129
"212",2013-01-10 13:30:00,1,0.078
"213",2013-01-10 14:00:00,1,0.078
"214",2013-01-10 14:30:00,1,0.094
"215",2013-01-10 15:00:00,1,0.157
"216",2013-01-10 15:30:00,2,0.184
"217",2013-01-10 16:00:00,2,0.277
"218",2013-01-10 16:30:00,1,0.204
"219",2013-01-10 17:00:00,2,0.601
"220",2013-01-10 17:30:00,1,0.242
"221",2013-01-10 18:00:00,2,0.185
"222",2013-01-10 18:30:00,1,0.276
"223",2013-01-10 19:00:00,2,0.277
"224",2013-01-10 19:30:00,2,0.401
"225",2013-01-10 20:00:00,2,0.217
"226",2013-01-10 20:30:00,2,0.151
"227",2013-01-10 21:00:00,2,0.153
"228",2013-01-10 21:30:00,2,0.146
"229",2013-01-10 22:00:00,2,0.107
"230",2013-01-10 22:30:00,2,0.137
"231",2013-01-10 23:00:00,2,0.11
"232",2013-01-29 07:00:00,10,0.14
"233",2013-01-29 07:30:00,10,0.139
"234",2013-01-29 08:00:00,10,0.266
"235",2013-01-29 08:30:00,10,0.395
"236",2013-01-29 09:00:00,11,0.264
"237",2013-01-29 09:30:00,11,0.315
"238",2013-01-29 10:00:00,11,0.252
"239",2013-01-29 10:30:00,12,0.234
"240",2013-01-29 11:00:00,12,0.161
"241",2013-01-29 11:30:00,13,0.188
"242",2013-01-29 12:00:00,13,0.182
"243",2013-01-29 12:30:00,13,0.158
"244",2013-01-29 13:00:00,13,0.13
"245",2013-01-29 13:30:00,13,0.109
"246",2013-01-29 14:00:00,13,0.108
"247",2013-01-29 14:30:00,13,0.112
"248",2013-01-29 15:00:00,13,0.289
"249",2013-01-29 15:30:00,13,0.316
"250",2013-01-29 16:00:00,13,0.202
"251",2013-01-29 16:30:00,14,0.232
"252",2013-01-29 17:00:00,13,0.18
"253",2013-01-29 17:30:00,13,0.186
"254",2013-01-29 18:00:00,13,0.204
"255",2013-01-29 18:30:00,13,0.467
"256",2013-01-29 19:00:00,12,0.311
"257",2013-01-29 19:30:00,13,0.298
"258",2013-01-29 20:00:00,13,0.257
"259",2013-01-29 20:30:00,13,0.217
"260",2013-01-29 21:00:00,13,0.173
"261",2013-01-29 21:30:00,12,0.131
"262",2013-01-29 22:00:00,12,0.258
"263",2013-01-29 23:00:00,12,0.162
"264",2013-01-29 23:30:00,12,0.809
"265",2013-02-12 07:00:00,1,0.143
"266",2013-02-12 07:30:00,1,0.142
"267",2013-02-12 08:00:00,1,0.138
"268",2013-02-12 08:30:00,1,0.142
"269",2013-02-12 09:00:00,2,0.183
"270",2013-02-12 09:30:00,2,0.42
"271",2013-02-12 10:00:00,2,0.318
"272",2013-02-12 10:30:00,2,0.178
"273",2013-02-12 11:00:00,2,0.429
"274",2013-02-12 11:30:00,2,0.215
"275",2013-02-12 12:00:00,2,0.156
"276",2013-02-12 12:30:00,2,0.142
"277",2013-02-12 13:00:00,2,0.14
"278",2013-02-12 13:30:00,2,0.14
"279",2013-02-12 14:00:00,2,0.141
"280",2013-02-12 14:30:00,2,0.141
"281",2013-02-12 15:00:00,2,0.137
"282",2013-02-12 15:30:00,2,0.13
"283",2013-02-12 16:00:00,2,0.168
"284",2013-02-12 16:30:00,2,0.166
"285",2013-02-12 17:00:00,1,0.197
"286",2013-02-12 17:30:00,2,0.342
"287",2013-02-12 18:00:00,1,0.263
"288",2013-02-12 18:30:00,1,0.384
"289",2013-02-12 19:00:00,1,0.486
"290",2013-02-12 19:30:00,1,0.289
"291",2013-02-12 20:00:00,1,0.343
"292",2013-02-12 20:30:00,1,0.198
"293",2013-02-12 21:00:00,1,0.193
"294",2013-02-12 22:00:00,1,0.171
"295",2013-02-12 23:00:00,1,0.203
"296",2013-02-16 07:00:00,4,0.104
"297",2013-02-16 07:30:00,5,0.151
"298",2013-02-16 08:00:00,5,0.306
"299",2013-02-16 08:30:00,5,0.307
"300",2013-02-16 09:00:00,6,0.295
"301",2013-02-16 09:30:00,7,0.179
"302",2013-02-16 10:00:00,7,0.153
"303",2013-02-16 10:30:00,8,0.136
"304",2013-02-16 11:00:00,8,0.139
"305",2013-02-16 11:30:00,8,0.134
"306",2013-02-16 12:00:00,8,0.112
"307",2013-02-16 12:30:00,8,0.816
"308",2013-02-16 13:00:00,9,0.2
"309",2013-02-16 13:30:00,9,0.135
"310",2013-02-16 14:00:00,9,0.801
"311",2013-02-16 14:30:00,9,0.353
"312",2013-02-16 15:00:00,10,0.234
"313",2013-02-16 15:30:00,9,0.179
"314",2013-02-16 16:00:00,9,0.146
"315",2013-02-16 16:30:00,8,0.09
"316",2013-02-16 17:00:00,8,0.19
"317",2013-02-16 17:30:00,6,0.338
"318",2013-02-16 18:00:00,6,0.211
"319",2013-02-16 18:30:00,5,0.258
"320",2013-02-16 19:00:00,6,0.508
"321",2013-02-16 19:30:00,4,0.242
"322",2013-02-16 20:00:00,3,0.295
"323",2013-02-16 20:30:00,3,0.266
"324",2013-02-16 21:00:00,2,0.241
"325",2013-02-16 21:30:00,1,0.754
"326",2013-02-16 22:00:00,1,0.253
"327",2013-02-16 22:30:00,1,0.755
"328",2013-02-16 23:00:00,0,0.22
"329",2013-02-16 23:30:00,0,0.167
"330",2013-02-20 07:00:00,4,0.128
"331",2013-02-20 07:30:00,4,0.14
"332",2013-02-20 08:00:00,3,0.138
"333",2013-02-20 08:30:00,3,0.262
"334",2013-02-20 09:00:00,3,0.36
"335",2013-02-20 09:30:00,3,0.16
"336",2013-02-20 10:00:00,3,0.119
"337",2013-02-20 10:30:00,3,0.191
"338",2013-02-20 11:00:00,4,0.335
"339",2013-02-20 11:30:00,3,0.256
"340",2013-02-20 12:00:00,4,0.177
"341",2013-02-20 12:30:00,3,0.165
"342",2013-02-20 13:00:00,4,0.126
"343",2013-02-20 13:30:00,4,0.091
"344",2013-02-20 14:00:00,3,0.084
"345",2013-02-20 14:30:00,5,0.084
"346",2013-02-20 15:00:00,4,0.085
"347",2013-02-20 15:30:00,3,0.078
"348",2013-02-20 16:00:00,3,0.076
"349",2013-02-20 16:30:00,3,0.084
"350",2013-02-20 17:00:00,2,0.083
"351",2013-02-20 17:30:00,2,0.083
"352",2013-02-20 18:00:00,2,0.282
"353",2013-02-20 18:30:00,2,0.549
"354",2013-02-20 19:00:00,2,0.311
"355",2013-02-20 19:30:00,2,0.368
"356",2013-02-20 20:00:00,2,0.253
"357",2013-02-20 20:30:00,2,0.286
"358",2013-02-20 21:00:00,2,0.377
"359",2013-02-20 21:30:00,2,0.204
"360",2013-02-20 22:00:00,3,0.21
"361",2013-02-20 23:00:00,2,0.269
"362",2013-02-22 07:00:00,1,0.184
"363",2013-02-22 07:30:00,0,0.139
"364",2013-02-22 08:00:00,1,0.143
"365",2013-02-22 08:30:00,1,0.209
"366",2013-02-22 09:00:00,1,0.503
"367",2013-02-22 09:30:00,1,0.287
"368",2013-02-22 10:00:00,1,0.295
"369",2013-02-22 10:30:00,1,0.182
"370",2013-02-22 11:00:00,1,0.288
"371",2013-02-22 11:30:00,1,0.266
"372",2013-02-22 12:00:00,1,0.346
"373",2013-02-22 12:30:00,1,0.277
"374",2013-02-22 13:00:00,1,0.257
"375",2013-02-22 13:30:00,1,0.254
"376",2013-02-22 14:00:00,1,0.775
"377",2013-02-22 14:30:00,1,0.195
"378",2013-02-22 15:00:00,1,0.109
"379",2013-02-22 15:30:00,1,0.127
"380",2013-02-22 16:00:00,1,0.133
"381",2013-02-22 16:30:00,0,0.09
"382",2013-02-22 17:00:00,0,0.084
"383",2013-02-22 17:30:00,0,0.118
"384",2013-02-22 18:00:00,0,0.139
"385",2013-02-22 18:30:00,0,0.135
"386",2013-02-22 19:00:00,0,0.089
"387",2013-02-22 19:30:00,0,0.123
"388",2013-02-22 20:00:00,0,1.043
"389",2013-02-22 20:30:00,0,0.322
"390",2013-02-22 21:00:00,0,0.41
"391",2013-02-22 21:30:00,1,0.455
"392",2013-02-22 22:00:00,1,0.445
"393",2013-02-22 22:30:00,1,0.243
"394",2013-02-22 23:00:00,1,0.608
"395",2013-02-26 07:00:00,3,0.146
"396",2013-02-26 07:30:00,3,0.138
"397",2013-02-26 08:00:00,3,0.129
"398",2013-02-26 08:30:00,3,0.259
"399",2013-02-26 09:00:00,3,0.372
"400",2013-02-26 09:30:00,4,0.187
"401",2013-02-26 10:00:00,4,0.291
"402",2013-02-26 10:30:00,4,0.363
"403",2013-02-26 11:00:00,4,0.233
"404",2013-02-26 11:30:00,4,0.145
"405",2013-02-26 12:00:00,5,0.142
"406",2013-02-26 12:30:00,4,0.182
"407",2013-02-26 13:00:00,4,0.178
"408",2013-02-26 13:30:00,4,0.167
"409",2013-02-26 14:00:00,4,0.141
"410",2013-02-26 14:30:00,4,0.139
"411",2013-02-26 15:00:00,4,0.139
"412",2013-02-26 15:30:00,4,0.138
"413",2013-02-26 16:00:00,4,0.258
"414",2013-02-26 16:30:00,4,0.202
"415",2013-02-26 17:00:00,4,0.206
"416",2013-02-26 17:30:00,4,0.212
"417",2013-02-26 18:00:00,4,0.292
"418",2013-02-26 18:30:00,4,0.23
"419",2013-02-26 19:00:00,4,0.296
"420",2013-02-26 19:30:00,4,0.363
"421",2013-02-26 20:00:00,4,0.557
"422",2013-02-26 20:30:00,4,0.339
"423",2013-02-26 21:00:00,4,0.219
"424",2013-02-26 21:30:00,4,0.36
"425",2013-02-26 22:00:00,4,0.255
"426",2013-02-26 22:30:00,4,0.284
"427",2013-02-26 23:00:00,3,0.376
"428",2013-02-26 23:30:00,3,0.27
"429",2013-02-28 07:00:00,3,0.14
"430",2013-02-28 07:30:00,3,0.14
"431",2013-02-28 08:00:00,3,0.135
"432",2013-02-28 08:30:00,3,0.411
"433",2013-02-28 09:00:00,4,0.298
"434",2013-02-28 09:30:00,4,0.227
"435",2013-02-28 10:00:00,4,0.135
"436",2013-02-28 10:30:00,5,0.135
"437",2013-02-28 11:00:00,5,0.125
"438",2013-02-28 11:30:00,5,0.16
"439",2013-02-28 12:00:00,5,0.184
"440",2013-02-28 12:30:00,5,0.13
"441",2013-02-28 13:00:00,6,0.1
"442",2013-02-28 13:30:00,5,0.086
"443",2013-02-28 14:00:00,6,0.099
"444",2013-02-28 14:30:00,5,0.146
"445",2013-02-28 15:00:00,5,0.098
"446",2013-02-28 15:30:00,5,0.088
"447",2013-02-28 16:00:00,5,0.085
"448",2013-02-28 16:30:00,5,0.239
"449",2013-02-28 17:00:00,4,0.162
"450",2013-02-28 17:30:00,3,0.154
"451",2013-02-28 18:00:00,4,0.195
"452",2013-02-28 18:30:00,4,0.17
"453",2013-02-28 19:00:00,4,0.444
"454",2013-02-28 19:30:00,4,0.461
"455",2013-02-28 20:00:00,3,0.402
"456",2013-02-28 20:30:00,3,0.246
"457",2013-02-28 21:00:00,3,0.22
"458",2013-02-28 21:30:00,3,0.238
"459",2013-02-28 22:00:00,2,0.208
"460",2013-02-28 22:30:00,3,0.204
"461",2013-02-28 23:00:00,3,0.276
"462",2013-02-28 23:30:00,3,0.772
"463",2013-03-09 07:00:00,6,0.087
"464",2013-03-09 07:30:00,6,0.136
"465",2013-03-09 08:30:00,5,0.141
"466",2013-03-09 09:00:00,6,0.521
"467",2013-03-09 09:30:00,6,0.286
"468",2013-03-09 10:00:00,6,0.292
"469",2013-03-09 10:30:00,6,0.29
"470",2013-03-09 11:00:00,6,0.199
"471",2013-03-09 11:30:00,6,0.349
"472",2013-03-09 12:00:00,6,0.227
"473",2013-03-09 12:30:00,6,0.206
"474",2013-03-09 13:00:00,6,0.132
"475",2013-03-09 13:30:00,6,0.111
"476",2013-03-09 14:00:00,6,0.202
"477",2013-03-09 14:30:00,6,0.189
"478",2013-03-09 15:00:00,5,0.083
"479",2013-03-09 15:30:00,6,0.076
"480",2013-03-09 16:00:00,6,0.083
"481",2013-03-09 16:30:00,6,0.083
"482",2013-03-09 17:00:00,6,0.084
"483",2013-03-09 17:30:00,5,0.104
"484",2013-03-09 18:00:00,5,0.262
"485",2013-03-09 18:30:00,5,0.398
"486",2013-03-09 19:00:00,5,0.425
"487",2013-03-09 19:30:00,5,0.566
"488",2013-03-09 20:00:00,5,0.35
"489",2013-03-09 20:30:00,4,0.188
"490",2013-03-09 21:00:00,4,0.247
"491",2013-03-09 21:30:00,4,0.36
"492",2013-03-09 22:00:00,3,0.184
"493",2013-03-09 22:30:00,3,0.175
"494",2013-03-09 23:00:00,3,0.17
"495",2013-03-21 07:00:00,-1,0.157
"496",2013-03-21 07:30:00,0,0.152
"497",2013-03-21 08:00:00,1,0.116
"498",2013-03-21 08:30:00,2,0.291
"499",2013-03-21 09:00:00,3,0.287
"500",2013-03-21 09:30:00,4,0.218
"501",2013-03-21 10:00:00,4,0.166
"502",2013-03-21 10:30:00,5,0.197
"503",2013-03-21 11:00:00,5,0.166
"504",2013-03-21 11:30:00,5,0.152
"505",2013-03-21 12:00:00,5,0.143
"506",2013-03-21 12:30:00,6,0.143
"507",2013-03-21 13:00:00,6,0.168
"508",2013-03-21 13:30:00,6,0.117
"509",2013-03-21 14:00:00,6,0.108
"510",2013-03-21 14:30:00,5,0.187
"511",2013-03-21 15:00:00,5,0.127
"512",2013-03-21 15:30:00,5,0.107
"513",2013-03-21 16:00:00,4,0.135
"514",2013-03-21 16:30:00,4,0.139
"515",2013-03-21 17:00:00,4,0.215
"516",2013-03-21 17:30:00,4,0.254
"517",2013-03-21 18:00:00,4,0.348
"518",2013-03-21 18:30:00,3,0.214
"519",2013-03-21 19:00:00,4,0.368
"520",2013-03-21 19:30:00,4,0.47
"521",2013-03-21 20:00:00,4,0.354
"522",2013-03-21 20:30:00,4,0.196
"523",2013-03-21 21:00:00,4,0.19
"524",2013-03-21 21:30:00,4,0.262
"525",2013-03-21 22:00:00,4,0.188
"526",2013-03-21 22:30:00,4,0.223
"527",2013-03-21 23:00:00,4,0.231
"528",2013-03-21 23:30:00,4,0.745
"529",2013-04-01 07:00:00,2,0.173
"530",2013-04-01 07:30:00,2,0.17
"531",2013-04-01 08:00:00,2,0.161
"532",2013-04-01 08:30:00,2,0.316
"533",2013-04-01 09:00:00,2,0.45
"534",2013-04-01 09:30:00,4,0.303
"535",2013-04-01 10:00:00,4,0.34
"536",2013-04-01 10:30:00,4,0.387
"537",2013-04-01 11:00:00,5,1.082
"538",2013-04-01 11:30:00,4,0.332
"539",2013-04-01 12:00:00,4,0.498
"540",2013-04-01 12:30:00,4,1.072
"541",2013-04-01 13:00:00,5,0.465
"542",2013-04-01 14:00:00,4,0.151
"543",2013-04-01 14:30:00,5,0.114
"544",2013-04-01 15:00:00,5,0.1
"545",2013-04-01 15:30:00,4,0.114
"546",2013-04-01 16:00:00,6,0.151
"547",2013-04-01 16:30:00,5,0.142
"548",2013-04-01 17:00:00,5,0.125
"549",2013-04-01 17:30:00,4,0.118
"550",2013-04-01 18:00:00,3,0.305
"551",2013-04-01 18:30:00,3,0.882
"552",2013-04-01 19:00:00,3,0.58
"553",2013-04-01 19:30:00,3,0.352
"554",2013-04-01 20:00:00,2,0.494
"555",2013-04-01 20:30:00,2,0.246
"556",2013-04-01 21:00:00,2,0.211
"557",2013-04-01 21:30:00,2,0.21
"558",2013-04-01 22:00:00,2,0.371
"559",2013-04-01 22:30:00,2,0.791
"560",2013-04-01 23:00:00,1,0.186
"561",2013-04-01 23:30:00,1,0.626
"562",2013-04-26 07:00:00,8,0.344
"563",2013-04-26 07:30:00,8,0.21
"564",2013-04-26 08:00:00,7,0.199
"565",2013-04-26 08:30:00,7,0.174
"566",2013-04-26 09:00:00,7,0.151
"567",2013-04-26 09:30:00,7,0.175
"568",2013-04-26 10:00:00,7,0.236
"569",2013-04-26 10:30:00,7,0.153
"570",2013-04-26 11:00:00,8,0.143
"571",2013-04-26 11:30:00,9,0.101
"572",2013-04-26 12:00:00,9,0.557
"573",2013-04-26 12:30:00,10,0.219
"574",2013-04-26 13:00:00,11,0.141
"575",2013-04-26 13:30:00,11,0.12
"576",2013-04-26 14:00:00,11,0.182
"577",2013-04-26 14:30:00,12,0.769
"578",2013-04-26 15:00:00,8,0.235
"579",2013-04-26 15:30:00,8,0.133
"580",2013-04-26 16:00:00,10,0.09
"581",2013-04-26 16:30:00,10,0.094
"582",2013-04-26 17:30:00,11,0.116
"583",2013-04-26 18:00:00,11,0.105
"584",2013-04-26 18:30:00,9,0.138
"585",2013-04-26 19:00:00,8,0.136
"586",2013-04-26 19:30:00,8,0.471
"587",2013-04-26 20:00:00,8,0.334
"588",2013-04-26 20:30:00,8,0.378
"589",2013-04-26 21:00:00,6,0.237
"590",2013-04-26 21:30:00,5,0.214
"591",2013-04-26 22:00:00,5,0.252
"592",2013-04-26 22:30:00,4,0.251
"593",2013-04-26 23:00:00,5,0.733
"594",2013-04-26 23:30:00,5,0.407
"595",2013-05-30 07:00:00,12,0.256
"596",2013-05-30 07:30:00,12,0.123
"597",2013-05-30 08:00:00,12,0.274
"598",2013-05-30 08:30:00,12,0.188
"599",2013-05-30 09:00:00,12,0.239
"600",2013-05-30 09:30:00,12,0.407
"601",2013-05-30 10:00:00,12,0.271
"602",2013-05-30 10:30:00,12,0.236
"603",2013-05-30 11:00:00,12,0.18
"604",2013-05-30 11:30:00,14,0.117
"605",2013-05-30 12:00:00,13,0.207
"606",2013-05-30 12:30:00,14,0.105
"607",2013-05-30 13:00:00,14,0.108
"608",2013-05-30 13:30:00,13,0.176
"609",2013-05-30 14:00:00,14,0.09
"610",2013-05-30 14:30:00,13,0.077
"611",2013-05-30 15:00:00,12,0.086
"612",2013-05-30 15:30:00,13,0.088
"613",2013-05-30 16:00:00,13,0.087
"614",2013-05-30 16:30:00,13,0.087
"615",2013-05-30 17:00:00,12,0.115
"616",2013-05-30 17:30:00,13,0.218
"617",2013-05-30 18:00:00,13,0.174
"618",2013-05-30 18:30:00,13,0.182
"619",2013-05-30 19:00:00,13,0.191
"620",2013-05-30 19:30:00,13,0.138
"621",2013-05-30 20:00:00,12,0.169
"622",2013-05-30 20:30:00,13,0.2
"623",2013-05-30 21:00:00,12,0.173
"624",2013-05-30 21:30:00,12,0.161
"625",2013-05-30 22:00:00,12,0.167
"626",2013-05-30 22:30:00,12,0.532
"627",2013-05-30 23:00:00,11,0.731
"628",2013-05-30 23:30:00,11,0.157
"629",2013-06-06 07:00:00,10,0.132
"630",2013-06-06 08:00:00,11,0.509
"631",2013-06-06 08:30:00,12,0.265
"632",2013-06-06 09:00:00,13,0.202
"633",2013-06-06 09:30:00,14,0.158
"634",2013-06-06 10:00:00,14,0.127
"635",2013-06-06 10:30:00,15,0.125
"636",2013-06-06 11:00:00,16,0.126
"637",2013-06-06 11:30:00,17,0.125
"638",2013-06-06 12:00:00,16,0.18
"639",2013-06-06 12:30:00,17,0.117
"640",2013-06-06 13:00:00,17,0.103
"641",2013-06-06 13:30:00,17,0.149
"642",2013-06-06 14:00:00,17,0.134
"643",2013-06-06 14:30:00,17,0.126
"644",2013-06-06 15:00:00,17,0.124
"645",2013-06-06 15:30:00,17,0.162
"646",2013-06-06 16:00:00,17,0.077
"647",2013-06-06 16:30:00,16,0.118
"648",2013-06-06 17:00:00,16,0.135
"649",2013-06-06 17:30:00,16,0.121
"650",2013-06-06 18:00:00,16,0.095
"651",2013-06-06 18:30:00,16,0.103
"652",2013-06-06 19:00:00,16,0.106
"653",2013-06-06 19:30:00,16,0.116
"654",2013-06-06 20:00:00,15,0.317
"655",2013-06-06 20:30:00,15,0.179
"656",2013-06-06 21:00:00,13,0.247
"657",2013-06-06 21:30:00,13,0.201
"658",2013-06-06 22:00:00,12,0.218
"659",2013-06-06 22:30:00,11,0.75
"660",2013-06-06 23:00:00,10,0.434
"661",2013-06-06 23:30:00,11,0.314
"662",2013-06-28 07:00:00,13,0.112
"663",2013-06-28 07:30:00,13,0.089
"664",2013-06-28 08:00:00,14,0.09
"665",2013-06-28 08:30:00,15,0.091
"666",2013-06-28 09:00:00,15,0.079
"667",2013-06-28 09:30:00,16,0.126
"668",2013-06-28 10:00:00,16,0.131
"669",2013-06-28 10:30:00,16,0.13
"670",2013-06-28 11:00:00,17,0.128
"671",2013-06-28 11:30:00,17,0.099
"672",2013-06-28 12:00:00,17,0.077
"673",2013-06-28 12:30:00,17,0.089
"674",2013-06-28 13:00:00,17,0.091
"675",2013-06-28 13:30:00,17,0.09
"676",2013-06-28 14:00:00,18,0.089
"677",2013-06-28 14:30:00,18,0.088
"678",2013-06-28 15:00:00,17,0.079
"679",2013-06-28 15:30:00,18,0.088
"680",2013-06-28 16:00:00,18,0.113
"681",2013-06-28 16:30:00,19,0.133
"682",2013-06-28 17:00:00,19,0.129
"683",2013-06-28 17:30:00,19,0.127
"684",2013-06-28 18:00:00,20,0.099
"685",2013-06-28 18:30:00,20,0.128
"686",2013-06-28 19:00:00,19,0.137
"687",2013-06-28 19:30:00,19,0.1
"688",2013-06-28 20:00:00,19,0.09
"689",2013-06-28 20:30:00,19,0.087
"690",2013-06-28 21:00:00,18,0.078
"691",2013-06-28 21:30:00,18,0.09
"692",2013-06-28 22:00:00,18,0.091
"693",2013-06-28 22:30:00,17,0.107
"694",2013-06-28 23:00:00,17,0.137
"695",2013-06-28 23:30:00,17,0.127
"696",2013-07-05 07:00:00,15,0.087
"697",2013-07-05 07:30:00,16,0.195
"698",2013-07-05 08:00:00,17,0.389
"699",2013-07-05 08:30:00,18,0.186
"700",2013-07-05 09:00:00,19,0.253
"701",2013-07-05 09:30:00,19,0.229
"702",2013-07-05 10:00:00,20,0.148
"703",2013-07-05 10:30:00,20,0.082
"704",2013-07-05 11:00:00,20,0.083
"705",2013-07-05 11:30:00,21,0.088
"706",2013-07-05 12:00:00,21,0.088
"707",2013-07-05 12:30:00,21,0.088
"708",2013-07-05 13:00:00,21,0.127
"709",2013-07-05 13:30:00,21,0.149
"710",2013-07-05 14:00:00,21,0.152
"711",2013-07-05 14:30:00,21,0.212
"712",2013-07-05 15:00:00,22,0.19
"713",2013-07-05 15:30:00,22,0.191
"714",2013-07-05 16:00:00,22,0.176
"715",2013-07-05 16:30:00,22,0.225
"716",2013-07-05 17:00:00,22,0.179
"717",2013-07-05 17:30:00,22,0.166
"718",2013-07-05 18:00:00,21,0.163
"719",2013-07-05 18:30:00,21,0.191
"720",2013-07-05 19:00:00,20,0.12
"721",2013-07-05 19:30:00,20,0.116
"722",2013-07-05 20:00:00,18,0.241
"723",2013-07-05 20:30:00,18,0.332
"724",2013-07-05 21:00:00,16,0.215
"725",2013-07-05 21:30:00,15,0.229
"726",2013-07-05 22:00:00,14,0.231
"727",2013-07-05 22:30:00,14,0.684
"728",2013-07-05 23:00:00,14,0.624
"729",2013-07-05 23:30:00,13,0.119
"730",2013-08-02 07:00:00,19,0.094
"731",2013-08-02 07:30:00,19,0.225
"732",2013-08-02 08:00:00,19,0.361
"733",2013-08-02 08:30:00,19,0.356
"734",2013-08-02 09:00:00,20,0.192
"735",2013-08-02 10:00:00,21,0.326
"736",2013-08-02 10:30:00,21,0.223
"737",2013-08-02 11:00:00,21,0.214
"738",2013-08-02 11:30:00,21,0.132
"739",2013-08-02 12:30:00,23,0.061
"740",2013-08-02 13:00:00,23,0.096
"741",2013-08-02 13:30:00,22,0.105
"742",2013-08-02 14:00:00,22,0.121
"743",2013-08-02 14:30:00,24,0.15
"744",2013-08-02 15:00:00,24,0.138
"745",2013-08-02 15:30:00,25,0.134
"746",2013-08-02 16:30:00,25,0.226
"747",2013-08-02 17:30:00,25,0.179
"748",2013-08-02 18:00:00,25,0.134
"749",2013-08-02 18:30:00,25,0.132
"750",2013-08-02 19:00:00,24,0.404
"751",2013-08-02 19:30:00,24,0.241
"752",2013-08-02 20:30:00,22,0.315
"753",2013-08-02 21:00:00,21,0.196
"754",2013-08-02 21:30:00,21,0.385
"755",2013-08-02 22:00:00,21,0.188
"756",2013-08-02 22:30:00,19,0.198
"757",2013-08-02 23:00:00,19,0.68
"758",2013-08-02 23:30:00,19,0.226
"759",2013-08-03 07:00:00,16,0.297
"760",2013-08-03 07:30:00,16,0.213
"761",2013-08-03 08:00:00,17,0.323
"762",2013-08-03 08:30:00,18,0.221
"763",2013-08-03 09:00:00,17,0.232
"764",2013-08-03 09:30:00,19,0.232
"765",2013-08-03 10:00:00,19,0.181
"766",2013-08-03 10:30:00,20,0.112
"767",2013-08-03 11:00:00,21,0.082
"768",2013-08-03 11:30:00,21,0.095
"769",2013-08-03 12:00:00,22,0.097
"770",2013-08-03 12:30:00,22,0.146
"771",2013-08-03 13:00:00,22,0.147
"772",2013-08-03 13:30:00,22,0.137
"773",2013-08-03 14:00:00,23,0.152
"774",2013-08-03 14:30:00,23,0.17
"775",2013-08-03 15:00:00,23,0.145
"776",2013-08-03 15:30:00,23,0.137
"777",2013-08-03 16:00:00,23,0.14
"778",2013-08-03 16:30:00,23,0.136
"779",2013-08-03 17:00:00,24,0.124
"780",2013-08-03 17:30:00,23,0.097
"781",2013-08-03 18:00:00,23,0.249
"782",2013-08-03 18:30:00,22,0.164
"783",2013-08-03 19:00:00,22,0.147
"784",2013-08-03 19:30:00,21,0.175
"785",2013-08-03 20:00:00,21,0.164
"786",2013-08-03 20:30:00,20,0.186
"787",2013-08-03 21:00:00,19,0.194
"788",2013-08-03 21:30:00,19,0.384
"789",2013-08-03 22:00:00,19,0.221
"790",2013-08-03 22:30:00,18,0.339
"791",2013-08-03 23:00:00,17,0.234
"792",2013-08-03 23:30:00,17,0.765
"793",2013-08-10 07:00:00,14,0.274
"794",2013-08-10 07:30:00,14,0.198
"795",2013-08-10 08:00:00,15,0.31
"796",2013-08-10 08:30:00,15,0.234
"797",2013-08-10 09:00:00,16,0.167
"798",2013-08-10 09:30:00,16,0.212
"799",2013-08-10 10:00:00,18,0.147
"800",2013-08-10 10:30:00,19,0.128
"801",2013-08-10 11:00:00,18,0.099
"802",2013-08-10 11:30:00,19,0.098
"803",2013-08-10 12:00:00,19,0.128
"804",2013-08-10 12:30:00,19,0.229
"805",2013-08-10 13:00:00,19,0.264
"806",2013-08-10 13:30:00,20,0.149
"807",2013-08-10 14:00:00,20,0.13
"808",2013-08-10 14:30:00,20,0.179
"809",2013-08-10 15:00:00,20,0.114
"810",2013-08-10 15:30:00,20,0.108
"811",2013-08-10 16:00:00,21,0.143
"812",2013-08-10 16:30:00,21,0.118
"813",2013-08-10 17:00:00,21,0.1
"814",2013-08-10 17:30:00,22,0.16
"815",2013-08-10 18:00:00,22,0.314
"816",2013-08-10 18:30:00,21,0.187
"817",2013-08-10 19:00:00,21,0.196
"818",2013-08-10 19:30:00,20,0.184
"819",2013-08-10 20:00:00,20,0.278
"820",2013-08-10 20:30:00,19,0.213
"821",2013-08-10 21:00:00,18,0.19
"822",2013-08-10 21:30:00,18,0.243
"823",2013-08-10 22:00:00,17,0.214
"824",2013-08-10 22:30:00,17,0.657
"825",2013-08-10 23:00:00,16,0.159
"826",2013-08-10 23:30:00,16,0.554
"827",2013-08-17 07:00:00,15,0.31
"828",2013-08-17 07:30:00,15,0.46
"829",2013-08-17 08:00:00,15,0.159
"830",2013-08-17 08:30:00,17,0.198
"831",2013-08-17 09:00:00,17,0.253
"832",2013-08-17 09:30:00,18,0.269
"833",2013-08-17 10:00:00,19,0.213
"834",2013-08-17 10:30:00,20,0.162
"835",2013-08-17 11:00:00,20,0.14
"836",2013-08-17 11:30:00,21,0.098
"837",2013-08-17 12:00:00,21,0.112
"838",2013-08-17 12:30:00,22,0.102
"839",2013-08-17 13:00:00,21,0.118
"840",2013-08-17 13:30:00,21,0.145
"841",2013-08-17 14:00:00,21,0.126
"842",2013-08-17 14:30:00,21,0.134
"843",2013-08-17 15:00:00,20,0.133
"844",2013-08-17 15:30:00,19,0.127
"845",2013-08-17 16:00:00,18,0.091
"846",2013-08-17 16:30:00,18,0.107
"847",2013-08-17 17:00:00,18,0.172
"848",2013-08-17 17:30:00,18,0.128
"849",2013-08-17 18:00:00,18,0.325
"850",2013-08-17 18:30:00,18,0.207
"851",2013-08-17 19:00:00,18,0.172
"852",2013-08-17 19:30:00,18,0.245
"853",2013-08-17 20:00:00,18,0.206
"854",2013-08-17 20:30:00,17,0.171
"855",2013-08-17 21:00:00,17,0.352
"856",2013-08-17 21:30:00,17,0.205
"857",2013-08-17 22:00:00,17,0.163
"858",2013-08-17 22:30:00,17,0.657
"859",2013-08-17 23:00:00,17,0.183
"860",2013-08-31 07:00:00,15,0.195
"861",2013-08-31 07:30:00,15,0.304
"862",2013-08-31 08:00:00,14,0.173
"863",2013-08-31 08:30:00,14,0.186
"864",2013-08-31 09:00:00,14,0.258
"865",2013-08-31 09:30:00,15,0.27
"866",2013-08-31 10:00:00,15,0.264
"867",2013-08-31 10:30:00,15,0.127
"868",2013-08-31 11:00:00,16,0.104
"869",2013-08-31 11:30:00,17,0.114
"870",2013-08-31 12:30:00,18,0.073
"871",2013-08-31 13:00:00,18,0.136
"872",2013-08-31 13:30:00,19,0.136
"873",2013-08-31 14:00:00,19,0.134
"874",2013-08-31 14:30:00,19,0.118
"875",2013-08-31 15:00:00,19,0.13
"876",2013-08-31 15:30:00,20,0.131
"877",2013-08-31 16:00:00,20,0.105
"878",2013-08-31 16:30:00,20,0.086
"879",2013-08-31 17:00:00,20,0.086
"880",2013-08-31 17:30:00,19,0.094
"881",2013-08-31 18:00:00,18,0.194
"882",2013-08-31 18:30:00,19,0.563
"883",2013-08-31 19:00:00,18,0.539
"884",2013-08-31 19:30:00,18,0.308
"885",2013-08-31 20:00:00,17,0.259
"886",2013-08-31 20:30:00,16,0.251
"887",2013-08-31 21:00:00,16,0.199
"888",2013-08-31 21:30:00,15,0.246
"889",2013-08-31 22:00:00,14,0.378
"890",2013-08-31 22:30:00,13,0.282
"891",2013-08-31 23:00:00,12,0.746
"892",2013-09-09 07:00:00,10,0.135
"893",2013-09-09 07:30:00,11,0.246
"894",2013-09-09 08:00:00,11,0.29
"895",2013-09-09 08:30:00,11,0.147
"896",2013-09-09 09:00:00,12,0.241
"897",2013-09-09 09:30:00,12,0.24
"898",2013-09-09 10:00:00,13,0.566
"899",2013-09-09 10:30:00,13,0.227
"900",2013-09-09 11:00:00,13,0.146
"901",2013-09-09 11:30:00,13,0.176
"902",2013-09-09 12:00:00,13,0.168
"903",2013-09-09 12:30:00,13,0.169
"904",2013-09-09 13:00:00,13,0.375
"905",2013-09-09 13:30:00,13,0.228
"906",2013-09-09 14:00:00,12,0.165
"907",2013-09-09 14:30:00,12,0.319
"908",2013-09-09 15:00:00,12,0.184
"909",2013-09-09 15:30:00,12,0.23
"910",2013-09-09 16:00:00,12,0.124
"911",2013-09-09 16:30:00,13,0.099
"912",2013-09-09 17:00:00,14,0.151
"913",2013-09-09 17:30:00,14,0.305
"914",2013-09-09 18:00:00,14,0.174
"915",2013-09-09 18:30:00,13,0.244
"916",2013-09-09 19:00:00,13,0.415
"917",2013-09-09 19:30:00,12,0.268
"918",2013-09-09 20:00:00,11,0.223
"919",2013-09-09 20:30:00,11,0.415
"920",2013-09-09 21:00:00,10,0.279
"921",2013-09-09 21:30:00,11,0.279
"922",2013-09-09 22:00:00,11,0.625
"923",2013-09-09 22:30:00,11,0.547
"924",2013-09-09 23:00:00,11,0.216
"925",2013-09-14 07:00:00,10,0.13
"926",2013-09-14 07:30:00,10,0.374
"927",2013-09-14 08:30:00,10,0.292
"928",2013-09-14 09:00:00,11,0.163
"929",2013-09-14 09:30:00,11,0.114
"930",2013-09-14 10:00:00,11,0.092
"931",2013-09-14 10:30:00,11,0.075
"932",2013-09-14 11:00:00,12,0.094
"933",2013-09-14 11:30:00,13,0.093
"934",2013-09-14 12:00:00,13,0.083
"935",2013-09-14 12:30:00,13,0.087
"936",2013-09-14 13:00:00,14,0.093
"937",2013-09-14 13:30:00,14,0.102
"938",2013-09-14 14:00:00,15,0.191
"939",2013-09-14 14:30:00,14,0.162
"940",2013-09-14 15:30:00,14,0.209
"941",2013-09-14 16:00:00,13,0.345
"942",2013-09-14 16:30:00,14,0.317
"943",2013-09-14 17:00:00,13,0.506
"944",2013-09-14 17:30:00,14,0.378
"945",2013-09-14 18:00:00,14,0.458
"946",2013-09-14 18:30:00,14,0.413
"947",2013-09-14 19:00:00,13,0.377
"948",2013-09-14 19:30:00,13,0.351
"949",2013-09-14 20:00:00,13,0.27
"950",2013-09-14 20:30:00,13,0.21
"951",2013-09-14 21:00:00,12,0.168
"952",2013-10-04 07:00:00,18,0.362
"953",2013-10-04 07:30:00,18,0.351
"954",2013-10-04 08:00:00,18,0.178
"955",2013-10-04 08:30:00,18,0.253
"956",2013-10-04 09:00:00,18,0.286
"957",2013-10-04 09:30:00,18,0.159
"958",2013-10-04 10:00:00,18,0.149
"959",2013-10-04 10:30:00,18,0.109
"960",2013-10-04 11:00:00,18,0.118
"961",2013-10-04 11:30:00,18,0.13
"962",2013-10-04 12:00:00,19,0.099
"963",2013-10-04 12:30:00,19,0.076
"964",2013-10-04 13:00:00,20,0.092
"965",2013-10-04 13:30:00,19,0.114
"966",2013-10-04 14:00:00,19,0.153
"967",2013-10-04 14:30:00,20,0.224
"968",2013-10-04 15:00:00,20,0.209
"969",2013-10-04 15:30:00,20,0.213
"970",2013-10-04 16:00:00,20,0.142
"971",2013-10-04 16:30:00,19,0.095
"972",2013-10-04 17:00:00,19,0.208
"973",2013-10-04 17:30:00,19,0.354
"974",2013-10-04 18:00:00,18,0.522
"975",2013-10-04 18:30:00,18,0.479
"976",2013-10-04 19:00:00,17,0.258
"977",2013-10-04 19:30:00,17,0.252
"978",2013-10-04 20:00:00,16,0.194
"979",2013-10-04 20:30:00,16,0.474
"980",2013-10-04 21:00:00,15,0.464
"981",2013-10-04 21:30:00,15,0.698
"982",2013-10-04 22:00:00,14,0.32
"983",2013-10-04 22:30:00,14,0.449
"984",2013-10-04 23:00:00,14,0.423
"985",2013-10-04 23:30:00,14,0.125
